date,AAL,FRES,SKY,BNZL,STJ,BP,BARC,EZJ,GFS,RRS,NXT,RTO,GSK,RIO,MKS,BLND,SBRY,IMB,RB,PPB,LLOY,AAL_log_returns,FRES_log_returns,SKY_log_returns,BNZL_log_returns,STJ_log_returns,BP_log_returns,BARC_log_returns,EZJ_log_returns,GFS_log_returns,RRS_log_returns,NXT_log_returns,RTO_log_returns,GSK_log_returns,RIO_log_returns,MKS_log_returns,BLND_log_returns,SBRY_log_returns,IMB_log_returns,RB_log_returns,PPB_log_returns,LLOY_log_returns
2017-09-19,1291.5,1437.0,926.5,2218.432373,1136.0,440.154572,186.536072,1198.086182,277.700012,7450.0,4918.335938,293.299988,1406.891235,3402.020752,332.505676,580.698608,239.781601,3136.215576,6800.0,7210.0,66.0,-0.00386399542913,0.00768431369215,0.00107992964331,0.000447888189228,0.00884176883847,0.0116883218288,0.00452435202897,0.0147664453834,0.0174360778183,0.00470910593867,0.00100490602199,-0.00577942468226,-0.00343763944693,0.00512962881476,0.0341044217348,-0.00084071920719,0.025412818417,0.00152971514035,-0.00425563473254,0.00905608851463,0.01066260878
2017-09-20,1294.0,1442.0,927.5,2217.438965,1123.0,443.339172,184.158539,1200.037476,275.5,7470.0,5009.233398,294.600006,1408.829224,3391.383301,340.329315,581.675354,240.866577,3124.230713,6788.0,7285.0,65.709999,0.00193384930026,0.00347344134934,0.00107873883098,-0.000447909987997,-0.0115096569061,0.00720912124962,-0.0128276012838,0.00162731250748,-0.00795377977192,0.00268099620007,0.0183126684278,0.00442264555022,0.00137651548721,-0.00313169881701,0.0232567451894,0.00168063002639,0.00451462063938,-0.00382875301875,-0.00176627363544,0.0103484718129,-0.00440361676738
2017-09-21,1331.5,1410.0,924.0,2185.647705,1123.0,447.295837,188.616379,1168.817017,272.100006,7300.0,5024.053711,291.299988,1422.394287,3351.251465,335.928528,581.187012,231.10173,3082.043701,6704.0,7180.0,67.449997,0.0285679213703,-0.0224413387477,-0.00378070794977,-0.0144407106563,0.0,0.00888513308018,0.0239181853831,-0.0263606440276,-0.0124179860577,-0.0230206623673,0.00295428722166,-0.0112648913637,0.00958259310573,-0.0119040617719,-0.0130153223872,-0.000839884043671,-0.0413851290941,-0.0135951908305,-0.0124519634992,-0.0145180569962,0.0261354334652
2017-09-22,1333.0,1437.0,924.5,2193.595459,1120.0,450.287445,189.755615,1161.987549,273.799988,7420.0,5078.394531,292.899994,1428.207886,3384.614258,337.493256,585.094116,230.115372,3094.508057,6807.0,7275.0,66.910004,0.001125893672,0.0189679116011,0.000540944631211,0.00362976454198,-0.00267499522306,0.00666597019881,0.00602180929855,-0.00586018059403,0.00622820388526,0.0163047183305,0.0107580218464,0.00547765754163,0.00407887995243,0.00990605913103,0.00464705051854,0.00670007383451,-0.00427718413994,0.00403601955622,0.0152471018955,0.0131443906575,-0.00803807657212
2017-09-25,1288.5,1437.0,922.0,2215.451904,1118.0,455.884674,187.922943,1151.255493,272.399994,7490.0,5132.735352,296.200012,1434.021484,3322.724121,339.644745,587.047729,231.79216,3093.069824,6827.0,7355.0,65.870003,-0.0339533127844,0.0,-0.00270780641586,0.00991444010288,-0.00178729183972,0.0123536884785,-0.00970498006791,-0.00927883386612,-0.00512630166486,0.00938976276666,0.010643501766,0.0112037118524,0.00406225817278,-0.0184550024569,0.00635472126305,0.00333337113261,0.00726036680862,-0.000464905082481,0.00293384352699,0.0109365573153,-0.0156653448939
2017-09-26,1286.0,1422.0,917.5,2205.51709,1110.0,455.064392,186.536072,1169.792603,272.0,7475.0,5073.454102,295.299988,1435.959351,3304.350342,339.742554,590.466431,234.652573,3139.571533,6790.0,7305.0,64.989998,-0.00194213516079,-0.0104933045805,-0.00489261606708,-0.00449444027618,-0.00718138134107,-0.00180096575059,-0.00740737561136,0.0159733425826,-0.00146949919872,-0.00200466439128,-0.0116168670356,-0.00304321106523,0.00135044427589,-0.00554510718212,0.000287968170596,0.00580660207197,0.0122649036348,0.0149223050103,-0.00543441111222,-0.00682130083442,-0.0134497694671
2017-09-27,1302.0,1399.0,913.5,2205.51709,1133.0,456.511963,188.467789,1193.208008,273.799988,7300.0,5196.956055,293.100006,1439.835083,3311.603271,343.263214,587.536072,235.145752,3168.814697,6805.0,7300.0,67.199997,0.0123648736626,-0.0163066089153,-0.00436919368804,0.0,0.0205089654773,0.0031759319827,0.0103024579585,0.0198189709336,0.00659574614838,-0.0236897934228,0.0240512117743,-0.00747787440196,0.00269538164139,0.00219259504229,0.0103094195947,-0.00497515732422,0.00209957337938,0.00927130598575,0.00220674998127,-0.000684674479999,0.0334397703409
2017-09-28,1305.0,1402.0,915.0,2238.302002,1143.0,459.407104,190.399521,1171.743896,277.399994,7350.0,5192.016113,297.100006,1435.959351,3304.350342,344.730133,584.117371,233.468964,3041.294922,6753.0,7300.0,67.220001,0.00230154581368,0.00214204099029,0.00164064217824,0.014755521901,0.00878741405904,0.00632179016247,0.0101974438876,-0.0181523244828,0.0130626186728,0.0068259392865,-0.00095102697378,0.0135549139231,-0.00269543472677,-0.00219257455319,0.00426430953667,-0.0058357194066,-0.00715640746057,-0.0410741902888,-0.00767078017816,0.0,0.000297621299978
2017-09-29,1339.5,1405.0,915.0,2252.210693,1146.0,460.613373,191.538757,1187.354126,278.299988,7315.0,5196.956055,300.600006,1442.257446,3358.50415,345.610291,588.024475,234.652573,3052.800537,6813.0,7410.0,67.730003,0.0260933935642,0.00213752058335,0.0,0.00619467673823,0.00262119248509,0.00262226257473,0.00596552342176,0.0132342735305,0.00323914829642,-0.004773308523,0.000950957008172,0.011711650528,0.00437635788694,0.0162558108568,0.00254997052252,0.00666668079793,0.00505680637434,0.00377596891485,0.00884566828609,0.0149561287835,0.00755843799561
2017-10-02,1363.5,1414.0,917.0,2257.177979,1141.0,463.218994,190.894836,1248.819458,278.899994,7320.0,5226.59668,302.799988,1473.263306,3435.383301,344.632324,590.466431,236.428009,3035.542236,6821.0,7355.0,67.5,0.0177585352212,0.00638528168201,0.00218343618326,0.00220306264237,-0.00437254598364,0.00564089836553,-0.00336748478003,0.0504712574184,0.00215369835496,0.000683312537149,0.00568724609911,0.00729196472093,0.0212703756988,0.0226328596473,-0.00283368187957,0.00414417590946,0.0075377332978,-0.00566930230707,0.00117352267262,-0.00745007069781,-0.00340169435367
2017-10-03,1397.0,1427.0,917.5,2266.119141,1131.0,469.395233,191.835938,1265.405396,280.100006,7365.0,5256.236816,306.799988,1472.778809,3471.646973,346.001465,593.396851,244.121536,3027.87207,6820.0,7450.0,67.599998,0.0242721866816,0.00915177259594,0.000545114686247,0.00395338051021,-0.00880289915949,0.0132452137768,0.00491778785363,0.013193921186,0.00429339101538,0.00612868508324,0.0056550046429,0.0131235662848,-0.000328892900143,0.0105006573722,0.00396489817649,0.00495064631104,0.0320224426687,-0.00252995779738,-0.000146638180013,0.0128336222842,0.00148031767458
2017-10-04,1430.0,1428.0,920.0,2284.995361,1125.0,468.767975,190.548126,1245.892578,282.200012,7425.0,5182.135742,306.5,1464.05835,3492.438232,343.55658,592.908386,238.302078,3002.943359,6782.0,7530.0,67.599998,0.0233473535627,0.000700466800481,0.00272106123157,0.00829524826258,-0.00531917344779,-0.00133722985629,-0.00673572625965,-0.0155403260142,0.00746934534982,0.00811363849789,-0.014198067598,-0.000978292548098,-0.00593866501004,0.00597097445279,-0.00709121394902,-0.000823479087558,-0.0241270717233,-0.00826714932919,-0.00558742275462,0.0106810079888,0.0
2017-10-05,1473.5,1435.0,925.5,2285.98877,1129.0,473.255402,188.368729,1252.722046,278.600006,7435.0,5108.034668,305.700012,1476.170044,3554.811768,346.294891,595.400818,239.682968,2999.587646,6807.0,7665.0,67.300003,0.0299660861492,0.00489002931863,0.00596042815596,0.000434661807958,0.00354923028499,0.00952733401209,-0.0115034468472,0.00546663161367,-0.012839011848,0.00134592037648,-0.0144025534391,-0.0026134995278,0.00823861733079,0.0177019704133,0.00793885625899,0.00419498514384,0.00577792013064,-0.00111809268128,0.00367941241711,0.0177694279701,-0.00444768043235
2017-10-06,1481.0,1424.0,923.5,2292.943115,1132.0,471.084045,188.418259,1232.233643,281.299988,7430.0,5103.094727,303.799988,1481.014648,3587.690918,341.013916,593.917236,238.696609,3005.340332,6836.0,7685.0,66.599998,0.00507696950808,-0.00769504578784,-0.00216330471449,0.00303748412989,0.00265365093946,-0.0045986850746,0.000262941117398,-0.0164903178811,0.00964457914233,-0.000672745460179,-0.000967553292867,-0.00623472966254,0.00327645824291,0.0092066982761,-0.0153673840687,-0.00249482202344,-0.00412377435714,0.00191600236576,0.00425125239417,0.00260585476644,-0.0104557201266
2017-10-09,1431.0,1428.0,918.0,2287.97583,1124.0,469.298737,186.585602,1205.891357,279.200012,7500.0,5058.633789,304.899994,1475.685669,3507.427246,340.818298,590.950134,235.145752,3005.819824,6938.0,7590.0,66.550003,-0.0343440286815,0.00280510960147,-0.00597338192165,-0.00216868077405,-0.00709223467857,-0.00379698188044,-0.00977413635701,-0.0216094944626,-0.0074932477437,0.00937712658197,-0.00875070597976,0.00361432344653,-0.00360470241867,-0.0226259957999,-0.000573799712583,-0.00500834360719,-0.0149877658114,0.000159489311045,0.0148107279092,-0.0124388067052,-0.000750942796003
2017-10-10,1439.5,1439.0,916.5,2289.962646,1116.0,472.821167,188.220139,1222.477173,280.200012,7535.0,5053.693848,307.0,1468.418579,3490.987793,343.263214,594.411743,236.132095,3039.377441,7090.0,7535.0,67.099998,0.0059223882854,0.00767354853451,-0.00163533817977,0.000867943686899,-0.00714290002361,0.0074777463451,0.00872206594795,0.0136602818966,0.00357524421997,0.00465583102778,-0.000977039686404,0.00686394423246,-0.00493670115247,-0.00469802971929,0.00714804930612,0.0058406163007,0.00418584421277,0.0111023290083,0.0216717459261,-0.00727275758982,0.00823045894504
2017-10-11,1442.0,1444.0,913.5,2293.936523,1130.0,471.566589,188.616379,1257.60022,278.799988,7430.0,4989.473145,305.5,1469.871948,3451.339355,342.187439,598.36792,236.230743,3024.036621,7038.0,7685.0,66.5,0.0017352537252,0.00346857076511,-0.00327867735177,0.00173382565845,0.0124667175114,-0.00265688681975,0.00210302323103,0.0283259935677,-0.00500906258821,-0.0140329729766,-0.0127890836447,-0.0048979469575,0.000989305204712,-0.011422354728,-0.00313887372613,0.00663352338597,0.000417622126406,-0.00506016192958,-0.00736132031307,0.019711561501,-0.00898204743862
2017-10-12,1443.5,1465.0,926.5,2301.884277,1176.0,474.268707,191.241562,1288.820801,278.799988,7515.0,4929.204102,307.200012,1480.045898,3462.943848,342.285248,602.818604,236.723907,3034.583496,7166.0,7735.0,66.300003,0.00103967962787,0.0144382026047,0.0141306566074,0.00345871062018,0.0399011969566,0.00571367889643,0.0138221932575,0.0245224256068,0.0,0.0113752139732,-0.0121527854353,0.00554926414043,0.00689780432731,0.0033566581551,0.000285823014565,0.00741053745151,0.00208541704342,0.00348163815215,0.0180235225707,0.00648513063788,-0.00301200314425
2017-10-13,1469.5,1467.0,931.5,2269.099609,1177.0,473.641418,189.45842,1278.088745,281.299988,7535.0,4852.13916,305.5,1468.903076,3566.899902,343.067596,601.829529,238.400711,3014.928223,7187.0,7725.0,65.900002,0.0178515184671,0.00136425381061,0.00538209499791,-0.0143449278548,0.000849958567414,-0.00132350251079,-0.0093677546829,-0.00836187042296,0.00892707705498,0.00265781232156,-0.0157578643411,-0.00554924272001,-0.00755720632151,0.0295777544379,0.00228311074898,-0.00164208456408,0.00705844629556,-0.00649818498641,0.00292623625137,-0.00129366118927,-0.00605145515874
2017-10-16,1477.0,1435.0,936.0,2203.530273,1183.0,474.316925,187.477158,1256.624634,278.299988,7480.0,4880.791504,305.200012,1471.809937,3595.427246,339.057983,601.335022,240.27478,3000.546387,7020.0,7710.0,65.589996,0.00509084621444,-0.0220546387136,0.00481932470575,-0.0293223597109,0.00508479727432,0.00142520386726,-0.0105125801638,-0.0169365238398,-0.0107220374048,-0.00732601433992,0.00588778452948,-0.000982468947768,0.0019769188948,0.00796593911946,-0.0117563530803,-0.000821987749077,0.00783028174192,-0.00478163314983,-0.02351061441,-0.00194362818729,-0.00471527688205
2017-10-17,1459.5,1413.0,931.0,2211.478027,1157.0,473.448425,189.557495,1283.942505,275.700012,7320.0,4860.042969,305.799988,1468.903076,3587.20752,340.133728,600.840515,244.318802,3015.407471,7035.0,7710.0,66.330002,-0.0119190812111,-0.0154497651383,-0.00535620655864,0.00360030727461,-0.0222231354564,-0.00183273316361,0.0110353631899,0.0215061996132,-0.00938628613949,-0.0216224677861,-0.00426012417302,0.00196395069361,-0.00197695288807,-0.00228875339963,0.00316773261875,-0.000822703586891,0.0166907329112,0.00494056381285,0.00213442789391,0.0,0.011219154112
2017-10-18,1428.0,1401.0,939.5,2230.354004,1164.0,470.939301,190.845306,1284.918213,278.200012,7360.0,4896.599609,312.5,1485.859375,3480.350342,342.676422,609.741821,242.937927,3035.542236,6857.0,7745.0,66.830002,-0.021819036454,-0.00852885656059,0.00908857490867,0.00849928334355,0.00603188155219,-0.00531378062442,0.00677076401189,0.000759670569096,0.00902690831572,0.00544955860823,0.00749371945858,0.0216732621193,0.0114773940295,-0.030241061002,0.00744781084359,0.0147060686722,-0.0056679835543,0.00665507558733,-0.0256276540458,0.00452933600172,0.00750981085002
2017-10-19,1431.0,1418.0,940.0,2240.288818,1167.0,474.944214,190.201401,1263.454102,275.299988,7490.0,4839.294922,314.0,1488.28186,3481.801025,339.057983,603.807617,243.036545,3017.325195,6790.0,7775.0,66.989998,0.00209862156771,0.0120611656457,0.000532008707523,0.00444448273629,0.00257398933172,0.00846819579601,-0.00337968533859,-0.0168457757682,-0.0104789696634,0.0175088234246,-0.0117719732225,0.00478847883642,0.00162897875998,0.000416788010625,-0.0106154652312,-0.00977997481823,0.00040582526708,-0.00601931381971,-0.00981909874827,0.00386598496698,0.00239121890627
2017-10-20,1432.0,1367.0,939.0,2234.327881,1176.0,474.702942,193.86673,1281.015625,280.399994,7395.0,4806.69043,321.600006,1476.170044,3481.317383,339.253571,603.807617,244.318802,3010.613525,6610.0,7750.0,67.0,0.000698560790624,-0.0366288796067,-0.00106438994408,-0.00266435719095,0.00768253952265,-0.000508139492013,0.0190874487162,0.0138038517907,0.0183557402343,-0.0127646932378,-0.00676026986912,0.023915624246,-0.00817141588777,-0.000138888470246,0.000576687452849,0.0,0.00526209548116,-0.00222686328925,-0.0268672984093,-0.00322061288171,0.000149238898302
2017-10-23,1444.0,1385.0,940.0,2241.282227,1170.0,473.786194,193.61908,1287.845093,282.200012,7435.0,4818.546387,321.600006,1472.294312,3467.779053,339.253571,596.884338,243.036545,3023.557373,6600.0,7715.0,67.0,0.00834501907229,0.0130815627053,0.00106444908306,0.00310772052035,-0.00511509831995,-0.00193305767607,-0.00127826340031,0.00531711708754,0.00639890367165,0.00539442617446,0.00246352236718,0.0,-0.00262897764333,-0.00389642664231,0.0,-0.0115322684869,-0.00526212900877,0.0042901863344,-0.00151403062046,-0.00452635344118,0.0
2017-10-24,1445.5,1378.0,939.5,2237.30835,1193.0,478.900909,196.145187,1258.575928,282.0,7435.0,4833.366699,326.299988,1465.511841,3471.646973,337.102081,599.356934,243.036545,2999.587646,6600.0,7505.0,67.400002,0.00103825062979,-0.00506699131802,-0.000532053352799,-0.00177463307045,0.019467363134,0.0107375010848,0.012962365523,-0.0229894965887,-0.000709010113496,0.0,0.00307099847123,0.0145085835829,-0.00461736740544,0.00111481966451,-0.00636200979352,0.00413396628574,0.0,-0.00795924756676,0.0,-0.0275970324874,0.00595236988738
2017-10-25,1415.0,1346.0,937.5,2226.380127,1165.0,470.698059,195.154556,1274.186157,280.600006,7330.0,4836.330566,327.5,1384.605835,3381.229492,335.146179,597.378845,240.866577,2995.272949,6580.0,7495.0,67.940002,-0.0213257707655,-0.0234959702939,-0.00213104905561,-0.0048965094611,-0.0237500350922,-0.0172768570483,-0.00506327720359,0.0123268421739,-0.00497689470649,-0.0142230363563,0.000613024632912,0.0036708607804,-0.0567890591919,-0.0263897124678,-0.0058189923875,-0.00330582703464,-0.00896863546222,-0.00143947440665,-0.0030349008739,-0.00133335031569,0.00798001233488
2017-10-26,1431.5,1328.0,939.5,2273.073486,1184.0,472.869385,180.69133,1282.966919,283.0,7350.0,4831.390625,330.5,1337.128174,3447.954834,338.569031,587.983032,241.458389,3018.763184,6640.0,7560.0,68.93,0.0115933511406,-0.0134631805122,0.00213109701872,0.0207558292896,0.0161774586886,0.00460243457928,-0.0770016163588,0.00686761457473,0.00851665809751,0.00272474670783,-0.00102196680382,0.00911857932806,-0.0348913446069,0.0195418335497,0.0101612173021,-0.0158534180373,0.00245400913991,0.00781182944775,0.00907723419368,0.00863508600742,0.0144665203989
2017-10-27,1418.5,1302.0,935.0,2303.871338,1176.0,480.493195,182.078217,1241.98999,280.899994,7410.0,4823.486816,332.600006,1324.047607,3437.317383,338.569031,584.026855,239.682968,3045.130371,6845.0,7550.0,68.910004,-0.00912285037339,-0.0197725314647,-0.0048012775369,0.01345800329,-0.00677971309051,0.0159938745201,0.00764610338956,-0.0324603915215,-0.00744820898399,0.00813007447869,-0.00163724867161,0.00633387314156,-0.00983071606606,-0.00308990525082,0.0,-0.00675114849582,-0.00738005433232,0.00869654025882,0.0304065365344,-0.00132362183649,-0.000290137890261
2017-10-30,1413.5,1337.0,941.0,2309.832275,1173.0,484.063843,181.781021,1266.380981,282.100006,7530.0,4889.683594,333.799988,1329.861084,3446.50415,337.297668,584.521362,239.387054,3011.093018,6786.0,7605.0,68.07,-0.00353106670082,0.026526728645,0.00639665313065,0.00258397706784,-0.00255427858792,0.00740379281342,-0.00163354713004,0.0194483064115,0.00426288507879,0.0160646140575,0.0136305307969,0.00360137643293,0.00438110530376,0.00266910693608,-0.0037621606607,0.000846385315526,-0.00123535376042,-0.0112405987456,-0.0086567895487,0.0072583546862,-0.0122647704557
2017-10-31,1420.0,1302.0,943.0,2329.70166,1177.0,492.36322,184.208069,1306.382324,281.0,7395.0,4862.019043,335.799988,1315.327148,3431.515137,336.515289,594.411743,239.189789,2943.977295,6735.0,7705.0,68.290001,0.00458795763552,-0.0265267454088,0.00212312699296,0.00856535509229,0.00340429972857,0.0169998370111,0.0132630951703,0.0310985129327,-0.00390695827082,-0.018090961501,-0.0056737982668,0.00597369996831,-0.0109890885651,-0.00435853749514,-0.00232226867229,0.0167788919061,-0.000824373913929,-0.0225416794419,-0.00754387350753,0.01306356024,0.00322679057717
2017-11-01,1468.5,1322.0,949.0,2285.98877,1182.0,496.030334,182.375412,1316.138672,284.200012,7470.0,4417.412598,334.5,1309.51355,3532.08667,321.552521,586.499451,233.17305,2946.85376,6576.0,8050.0,68.629997,0.0335845649242,0.0152441663668,0.00634252047166,-0.0189415682107,0.00423914426938,0.00742035871372,-0.00999866984785,0.00744047435001,0.0113235898316,0.0100908838212,-0.0958996266127,-0.00387883465737,-0.00442965980619,0.0288869254291,-0.0454827062786,-0.0134005350992,-0.025476437062,0.000976562325377,-0.0238911639899,0.0438025854528,0.00496630417183
2017-11-02,1496.0,1307.0,950.5,2295.923584,1200.0,499.986969,183.266968,1297.601563,282.600006,6930.0,4446.064941,327.0,1316.296143,3620.08667,322.041504,593.422729,233.764862,2943.498047,6582.0,8150.0,67.940002,0.0185534041375,-0.0114113213494,0.00157934811432,0.0043365964666,0.0151136023924,0.00794500578195,0.00487662432715,-0.0141845857725,-0.00564574496821,-0.075035199523,0.00646523293108,-0.0226767230779,0.00516615668312,0.0246091969311,0.00151959771756,0.0117353321984,0.00253486959264,-0.00113939563744,0.000912011892069,0.0123457992449,-0.0101046944037
2017-11-03,1485.0,1290.0,946.5,2304.864746,1182.0,498.732422,181.533371,1281.991211,286.5,6945.0,4419.388672,326.700012,1318.718384,3602.196533,321.063538,593.917236,231.890808,2912.81665,6583.0,8265.0,67.389999,-0.00738011440262,-0.0130921956152,-0.00421720603481,0.00388676580042,-0.0151136228815,-0.00251232995652,-0.00950446072966,-0.0121031329036,0.0137060247362,0.00216214405373,-0.00601805467159,-0.000917796161957,0.00183854263742,-0.00495413225144,-0.00304141757078,0.000832925958093,-0.0080491323024,-0.0104781258851,0.000151861109771,0.0140118207783,-0.00812838971615
2017-11-06,1508.0,1306.0,939.5,2308.838623,1182.0,502.882111,180.295074,1287.845093,279.600006,7020.0,4363.071777,325.0,1318.233887,3649.097656,323.801849,593.917236,231.10173,2957.879883,6546.0,8360.0,67.800003,0.0153695484623,0.0123268421739,-0.00742316851392,0.00172263931017,0.0,0.00828602630645,-0.00684470590204,0.00455579906702,-0.0243784897029,0.0107412748039,-0.0128250056878,-0.0052171908319,-0.000367470551282,0.0129361245781,0.00849266350269,0.0,-0.00340857217088,0.0153521737084,-0.0056363940239,0.0114287212491,0.00606565130875
2017-11-07,1489.0,1292.0,930.0,2288.969238,1179.0,506.356262,179.651169,1273.210449,266.5,6920.0,4315.646973,324.5,1301.277588,3610.41626,320.574554,588.477539,227.846771,2972.261963,6526.0,8355.0,67.300003,-0.0126795144752,-0.0107776466757,-0.0101632205769,-0.00864302180707,-0.00254131131805,0.00688478117809,-0.0035777837038,-0.0114287454635,-0.0479857698083,-0.0143474675715,-0.0109290676191,-0.00153964012861,-0.0129463644698,-0.0106568522751,-0.0100169116631,-0.00920123048127,-0.0141846463084,0.00485052587464,-0.00305995135568,-0.000598251936026,-0.00740197161213
2017-11-08,1502.5,1312.0,934.0,2300.890869,1165.0,505.777222,177.768967,1231.257935,260.5,7005.0,4351.21582,325.0,1320.171875,3648.614014,325.757751,589.961121,230.312637,3032.186523,6530.0,8500.0,66.82,0.00902560912073,0.0153613304719,0.00429184781387,0.00519473804161,-0.0119455615059,-0.00114416936412,-0.0105322767049,-0.0335052460432,-0.0227713566273,0.0122083798051,0.00820811279118,0.00153959426098,0.0144154075533,0.0105242496356,0.0160391572863,0.00251786550507,0.0107643902302,0.0199607238173,0.000612786388956,0.0172059703618,-0.00715784821659
2017-11-09,1484.0,1323.0,920.0,2292.943115,1146.0,503.764008,177.768967,1239.06311,259.899994,6950.0,4316.635254,323.100006,1323.119751,3556.74585,318.031891,591.444641,226.071335,3024.036621,6538.0,8570.0,66.68,-0.0123892603442,0.00834915693849,-0.0151027915999,-0.00346018793061,-0.0164434798062,-0.00398840103298,0.0,0.00631918432191,-0.0023059588857,-0.00788252707571,-0.00797907356173,-0.00586329819635,0.00223042001016,-0.0255013220012,-0.024002334103,0.00251144450158,-0.0185870658606,-0.00269143050537,0.00122436403763,0.00820161029696,-0.00209736078978
2017-11-10,1485.0,1298.0,918.0,2142.928223,1146.0,496.226166,177.471771,1243.941284,258.600006,6905.0,4326.515137,320.600006,1295.114624,3573.185547,312.164154,586.499451,229.03038,3050.403564,6544.0,8560.0,66.480003,0.000673663162161,-0.0190772805363,-0.00217626686208,-0.0676629915833,0.0,-0.0150761064142,-0.00167319003958,0.003929276485,-0.0050144540146,-0.00649584550411,0.00228620297275,-0.00776760745794,-0.0213931780308,0.00461145257577,-0.0186224672943,-0.00839637126774,0.0130040217191,0.00868129450828,0.000917252327781,-0.00116756150965,-0.00300387246534
2017-11-13,1497.0,1294.0,910.0,2087.293457,1128.0,496.226166,177.224106,1228.331055,254.5,6935.0,4272.174316,322.100006,1296.09729,3577.053711,307.176575,586.499451,224.197281,2996.231689,6449.0,8550.0,66.43,0.0080483648926,-0.00308643747121,-0.00875281076878,-0.0263050179929,-0.0158314369619,0.0,-0.0013964981772,-0.0126283867285,-0.0159816257656,0.00433529075235,-0.0126394936815,0.004667814821,0.000758479407523,0.00108195398934,-0.0161064583808,0.0,-0.02132826671,-0.0179184880108,-0.014623533003,-0.00116893392988,-0.000752434018068
2017-11-14,1455.0,1283.0,900.0,2101.202148,1143.0,492.408295,179.007248,1233.209229,254.899994,6990.0,4276.126465,324.799988,1288.236206,3473.581055,303.558105,587.983032,225.676804,2964.591309,6417.0,8535.0,66.650002,-0.0284571778029,-0.00853709224612,-0.0110498359427,0.00664145732298,0.0132102742791,-0.00772357732058,0.0100112222135,0.00396347325295,0.00157042150386,0.00789947248995,0.000924636493437,0.00834750197828,-0.00608365796506,-0.0293534174562,-0.0118497163057,0.00252630817704,0.00657750852406,-0.0106161888689,-0.00497437873855,-0.0017559438711,0.00330628152005
2017-11-15,1437.5,1325.0,900.0,2132.0,1135.0,484.576752,180.69133,1220.525879,253.0,7045.0,4225.737793,322.0,1284.796875,3443.119629,301.699982,589.961121,224.000015,2954.044922,6355.0,8415.0,66.25,-0.0121004180983,0.0322114229202,0.0,0.0145508795977,-0.00702374381945,-0.0160323809832,0.00936389900744,-0.0103380959481,-0.00748177757487,0.00783761497587,-0.0118536977097,-0.00865805242211,-0.00267338147387,-0.00880813039839,-0.00613996991888,0.00335855898447,-0.00745775690302,-0.00356378639117,-0.00970883201808,-0.0141595574096,-0.00601961370558
2017-11-16,1439.0,1295.0,903.0,2155.0,1142.0,480.8078,183.712753,1263.454102,257.600006,7025.0,4268.222656,323.5,1295.114624,3431.998779,303.600006,611.71991,229.100006,2992.672852,6385.0,8820.0,66.059998,0.00104289490264,-0.0229017343372,0.00332778692245,0.0107301892713,0.00614847103134,-0.00780821498483,0.0165832228959,0.0345674678683,0.0180184878409,-0.00284294690937,0.0100036691874,0.00464752502739,0.00799857918173,-0.00323508377187,0.00627795979381,0.0362178310752,0.0225124638528,0.0129915485159,0.00470958044752,0.0470060668886,-0.00287205749191
2017-11-17,1434.0,1296.0,940.0,2159.0,1155.0,482.716766,183.266968,1249.795166,257.399994,7075.0,4252.414063,322.799988,1285.288208,3429.097656,301.399994,617.159607,227.600006,2980.940674,6393.0,8780.0,65.989998,-0.00348070333712,0.000771939754486,0.0401572920382,0.00185448722914,0.011319228448,0.00396252330393,-0.00242951349355,-0.0108696538955,-0.000776771339588,0.00709218159318,-0.00371064897627,-0.00216623162851,-0.00761624379084,-0.00084567052545,-0.00727281766012,0.00885311234742,-0.00656885979697,-0.00392802106217,0.00125210545957,-0.0045454534702,-0.00106021319516
2017-11-20,1452.0,1284.0,955.0,2190.0,1158.0,481.639923,186.981842,1246.868164,258.899994,7080.0,4318.611328,327.0,1290.692749,3430.548096,301.0,611.71991,224.800003,2959.431885,6380.0,8700.0,66.120003,0.0124741345644,-0.00930241681635,0.0158314928412,0.0142564130947,0.00259408354759,-0.00223331502639,0.0200676396489,-0.00234473240562,0.00581063143909,0.000706423074007,0.0154470233247,0.0129272984341,0.00419605337083,0.000422865152359,-0.00132797879633,-0.00885317008942,-0.0123785790056,-0.00724159739912,-0.00203554239124,-0.00915340799838,0.00196811463684
2017-11-21,1457.5,1293.0,948.5,2158.0,1150.0,483.891479,187.427628,1310.28479,260.0,7165.0,4287.98291,326.100006,1280.375122,3455.20752,299.899994,608.752808,226.699997,3060.132813,6401.0,8740.0,65.720001,0.00378071912564,0.00698493560776,-0.00682952255011,-0.0147197050974,-0.00693245045841,0.0046638995409,0.0023812293075,0.0496096014977,0.00423973798752,0.0119341900572,-0.00711744697765,-0.00275609851815,-0.00802599918097,0.00716248899698,-0.00366117386147,-0.00486224889755,0.00841642078012,0.0334609858692,0.00328608253039,0.00458712689579,-0.00606800615788
2017-11-22,1446.5,1349.0,939.0,2161.0,1170.0,487.36673,187.427628,1317.11438,260.700012,7265.0,4287.98291,323.200012,1279.883789,3513.229492,298.299988,610.730896,230.399994,3065.020996,6492.0,8540.0,65.900002,-0.00757576385513,0.0423985086381,-0.0100662810728,0.00138925330248,0.017241826281,0.00715621607378,0.0,0.00519876973704,0.00268872384913,0.0138602862135,0.0,-0.00893273204565,-0.000383808335755,0.0166532173753,-0.0053494349122,0.00324413878843,0.0161893069744,0.00159612996504,0.0141164353117,-0.02314918302,0.00273520848714
2017-11-23,1450.5,1350.0,941.0,2167.0,1179.0,490.352509,186.981842,1342.480957,259.700012,7255.0,4332.443359,324.899994,1282.831665,3543.20752,298.700012,611.225403,228.800003,3070.398438,6420.0,8535.0,65.720001,0.00276148156263,0.00074096879689,0.0021276473999,0.00277265626937,0.00766290165484,0.00610771356151,-0.00238129682839,0.0190761033446,-0.00384317291901,-0.00137739826459,0.0103152003139,0.00524608651176,0.00230059423484,0.0084966821596,0.00134008703753,0.000809341901913,-0.00696864258498,0.00175286596641,-0.011152535677,-0.000585667905398,-0.00273517961614
2017-11-24,1460.5,1365.0,940.0,2136.0,1186.0,490.74408,187.576233,1331.748901,257.399994,7280.0,4254.390137,327.0,1274.970581,3534.50415,297.799988,611.71991,227.399994,3061.599121,6470.0,8810.0,66.089996,0.00687057431787,0.0110498648137,-0.00106325629167,-0.0144087821245,0.00591966276988,0.000798264343757,0.0031737932004,-0.00802629999816,-0.00889586657286,0.00343994027935,-0.0181802436709,0.00644272845238,-0.00614674668759,-0.00245938892476,-0.00301768258214,0.000808746321127,-0.00613769097254,-0.00286996527575,0.0077580101788,0.0317120589316,0.00561410840601
2017-11-27,1430.0,1337.0,933.5,2128.0,1190.0,485.751495,185.743561,1351.261719,259.5,7285.0,4223.761719,330.0,1297.571167,3491.954834,300.0,613.203491,226.800003,3066.976563,6445.0,8790.0,65.489998,-0.0211044009775,-0.0207261294127,-0.00693893246353,-0.00375234871171,0.00336699443869,-0.010225603357,-0.0098183164373,0.0145457098261,0.00812546350062,0.000686528976075,-0.00722526712343,0.00913251843303,0.017571022734,-0.0121113378555,0.0073603647761,0.00242237676866,-0.00264194607735,0.00175488891546,-0.00387147488073,-0.00227274280041,-0.00911996327341
2017-11-28,1405.0,1352.0,935.5,2130.0,1206.0,490.84198,185.594971,1374.677124,259.600006,7355.0,4262.294434,328.799988,1313.293335,3466.812012,301.0,614.192505,229.5,3066.976563,6641.0,8675.0,64.830002,-0.0176371429116,0.0111566763371,0.00214013759978,0.000939404650126,0.0133557906374,0.0104250395671,-0.000800274079666,0.0171800740063,0.000385329389246,0.00956287514418,0.00908148661256,-0.0036430475302,0.0120438514277,-0.00722628785297,0.00332778692245,0.00161160237622,0.0118344128132,0.0,0.0299578718841,-0.0131693771109,-0.0101289590821
2017-11-29,1376.0,1303.0,935.0,2108.0,1212.0,484.08728,192.430328,1372.72583,256.5,6915.0,4449.029297,320.0,1284.796875,3402.020752,312.399994,617.159607,235.600006,2978.007813,6518.0,8470.0,67.099998,-0.0208565462381,-0.0369156785309,-0.000534617749508,-0.0103823607787,0.00496274558827,-0.0138570275158,0.0361674726009,-0.00142049300484,-0.0120133645833,-0.0616874173284,0.0428782887757,-0.0271286517382,-0.0219373479486,-0.0188658218831,0.0371741428971,0.00481932470575,0.0262324009091,-0.0294376946986,-0.0186949763447,-0.0239147879183,0.0344155617058
2017-11-30,1359.0,1291.0,936.5,2115.0,1214.0,478.800995,191.687347,1371.750122,256.600006,6775.0,4423.34082,318.100006,1257.283081,3386.064697,313.200012,622.104797,232.300003,2996.094727,6486.0,8325.0,66.0,-0.0124316252768,-0.00925218313932,0.00160303304438,0.00331519264728,0.00164885411505,-0.0109801692888,-0.00386848300695,-0.00071103812661,0.000389857596019,-0.0204536058009,-0.0057906950824,-0.00595515407622,-0.0216475017369,-0.00470120366663,0.00255758059211,0.00798083934933,-0.0141058145091,0.00605510547757,-0.00492154667154,-0.0172674562782,-0.016529282555
2017-12-01,1384.0,1308.0,930.0,2074.0,1196.0,481.639923,187.625748,1390.287354,251.100006,6885.0,4378.879883,315.100006,1267.60083,3386.548096,309.399994,622.599365,233.0,3003.427246,6378.0,8430.0,64.75,0.0182287432253,0.0130821503699,-0.00696492148563,-0.0195756983012,-0.0149380322546,0.00591172277927,-0.0214163791388,0.0134230712429,-0.0216671749949,0.0161057878286,-0.0101022860035,-0.00947575829923,0.00817287806422,0.000142802527989,-0.0122070871294,0.000794690917246,0.00300884130411,0.00244437670335,-0.0167914628983,0.0125337047502,-0.019121022895
2017-12-04,1385.0,1273.0,956.0,2088.0,1200.0,482.618866,192.430328,1395.165527,250.100006,6800.0,4351.21582,315.5,1268.092163,3423.29541,316.200012,628.533569,232.899994,2987.295654,6361.0,8515.0,65.379997,0.000722266617231,-0.0271229557693,0.0275733005255,0.00672754505649,0.00333895534277,0.00203045550734,0.0252848546952,0.00350266462192,-0.00399043550715,-0.0124225122854,-0.00633765617386,0.00126865459606,0.000387474312447,0.0107924574986,0.0217401012778,0.00948624219745,-0.000429305189755,-0.00538551015779,-0.00266895908862,0.0100325839594,0.00968271400779
2017-12-05,1351.0,1260.0,976.0,2085.0,1175.0,481.395172,189.904205,1391.262939,249.899994,6760.0,4384.808105,313.899994,1256.791748,3354.152588,315.5,631.006165,239.300003,2967.253174,6419.0,8485.0,65.150002,-0.0248550530523,-0.0102646248415,0.0207046866417,-0.00143780314829,-0.0210533887148,-0.00253874179907,-0.0132143730298,-0.00280116568319,-0.000800035486463,-0.0058997515589,0.00769058335572,-0.00508424500003,-0.00895131472498,-0.0204045120627,-0.00221628998406,0.00392618915066,0.0271088611335,-0.00673182588071,0.00907676108181,-0.00352939195,-0.00352400867268
2017-12-06,1352.5,1263.0,988.0,2083.0,1169.0,483.842529,189.21077,1408.824463,250.0,6745.0,4369.0,313.600006,1255.809204,3383.163574,319.0,630.017151,242.300003,3017.114746,6551.0,8470.0,64.809998,0.00110969936941,0.00237813708372,0.0122201554477,-0.000959677912761,-0.00511947181076,0.00507103931159,-0.00365818268619,0.0125437118113,0.000400105520384,-0.00222142715938,-0.00361170130782,-0.000956157862674,-0.000782080285717,0.00861203949898,0.0110324155539,-0.00156859331764,0.0124585945159,0.0166643541306,0.0203553773463,-0.00176937854849,-0.00523246917874
2017-12-07,1343.0,1279.0,997.0,2071.0,1152.0,477.919952,189.854675,1413.702759,251.300003,6710.0,4440.0,311.799988,1253.352539,3327.075684,318.0,635.456848,243.100006,3010.270996,6615.0,8455.0,64.510002,-0.00704883458093,0.0125886807218,0.00906801968813,-0.00577756622806,-0.0146491173655,-0.0123162427917,0.00339729036205,0.00345669104718,0.00518655497581,-0.00520251132548,0.0161202177405,-0.00575640425086,-0.00195814040489,-0.0167175177485,-0.00313971075229,0.00859714765102,0.00329630100168,-0.00227089086547,0.00972214527428,-0.0017725431826,-0.00463958317414
2017-12-08,1364.0,1306.0,993.0,2085.0,1157.0,482.374115,194.560181,1420.532227,251.699997,6870.0,4483.0,312.799988,1265.144165,3354.152588,319.0,647.819824,244.699997,3014.670654,6716.0,8570.0,66.800003,0.0155156888068,0.0208905618638,-0.00402011815459,0.00673725502566,0.00433089910075,0.00927673932165,0.0244826432317,0.00481932470575,0.00159041699953,0.0235651060939,0.00963808596134,0.00320207467303,0.00936413556337,0.00810536183417,0.00313968793489,0.0192684791982,0.00656009931117,0.00146043894347,0.0151529377326,0.0135097531602,0.0348828397691
2017-12-11,1382.5,1306.0,1000.0,2073.0,1162.0,488.198853,196.739578,1403.946289,252.100006,6830.0,4423.0,311.899994,1280.375122,3421.361328,314.200012,641.885559,244.699997,3003.91626,6733.0,8495.0,66.639999,0.013471881859,0.0,0.00702459178865,-0.00577205093578,0.00431226380169,0.0120028620586,0.0111393462867,-0.0117445327342,0.00158791767899,-0.005839436315,-0.0134742362425,-0.00288138259202,0.0119670545682,0.0198394227773,-0.0151613084599,-0.00920255389065,0.0,-0.00357371615246,0.00252809165977,-0.00878997053951,-0.00239814561792
2017-12-12,1380.5,1287.0,1012.0,2063.0,1163.0,500.239838,198.72084,1403.946289,253.399994,6745.0,4393.0,311.299988,1291.675415,3424.262451,311.899994,646.83075,234.600006,3034.713135,6763.0,8445.0,67.400002,-0.00144771172199,-0.0146551057696,0.0119285359979,-0.00483559584245,0.000860201776959,0.0243647973984,0.0100200744346,0.0,0.00514338631183,-0.0125231808051,-0.00680581759661,-0.00192559265997,0.00878705922514,0.000847576360684,-0.00734714977443,0.00767461350188,-0.0421509668231,0.0102000394836,0.00444578845054,-0.00590322911739,0.011340091005
2017-12-13,1384.209961,1301.0,1009.0,2053.669922,1160.0,497.007355,200.778381,1392.238647,252.139999,6754.52002,4396.149902,310.859985,1296.333008,3413.625,312.875,653.938965,237.841003,3031.594238,6747.0,8570.0,67.443001,0.00268384953961,0.0108192274347,-0.00296883960254,-0.00453281961381,-0.00258284294978,-0.0064828270115,0.0103006884456,-0.00837407168001,-0.0049847420305,0.00141044287011,0.000716786948033,-0.0014144644374,0.00359935709275,-0.00311131007038,0.00312114926055,0.010929364711,0.0137204872444,-0.00102829141542,-0.00236863060854,0.0146931465715,0.000637804681901
2017-12-14,1388.5,1305.0,990.0,2019.0,1172.0,493.387238,200.801163,1391.262939,251.800003,6920.0,4345.0,308.700012,1268.092163,3444.570068,309.299988,661.171814,236.600006,2981.918457,6700.0,8540.0,66.309998,0.0030945292674,0.00306981010363,-0.0190100893378,-0.0170260667801,0.0102917207405,-0.00731046311557,0.00011348080443,-0.000701077107806,-0.00134934578091,0.0242038872093,-0.0117034027353,-0.00697260396555,-0.0220260005444,0.00902430899441,-0.0114921117201,0.0109997568652,-0.00523139070719,-0.0165217686445,-0.00699043087661,-0.00350672216155,-0.0169421005994
2017-12-15,1410.0,1336.0,1018.0,2016.0,1184.0,494.561981,200.355377,1382.482178,252.0,6955.0,4246.0,309.399994,1272.513916,3505.009766,303.799988,663.644409,236.100006,3016.137207,6731.0,8585.0,66.410004,0.0153656741604,0.0234770793468,0.0278903059661,-0.00148698920384,0.0101868240163,0.00237813708372,-0.00222250260413,-0.00633135763928,0.000793976185378,0.00504506379366,-0.0230484157801,0.0022649129387,0.00348092545755,0.0173942539841,-0.0179420933127,0.00373273924924,-0.00211551878601,0.0114101003855,0.00461619906127,0.00525545468554,0.00150698062498
2017-12-18,1480.5,1363.0,1023.0,2045.0,1194.0,498.967224,202.584305,1343.456665,257.200012,7090.0,4230.0,315.5,1281.357666,3550.943848,305.0,669.578613,236.800003,3030.802246,6713.0,8590.0,66.75,0.0487901195884,0.0200080480427,0.00489951949567,0.0142823848873,0.00841051060706,0.00886788219213,0.0110634230077,-0.0286346673965,0.0204249918461,0.0192245095968,-0.00377538311295,0.0195237137377,0.00692574400455,0.0130201419815,0.00394221907482,0.00890214648098,0.00296046771109,0.00485040713102,-0.00267780409195,0.000582287029829,0.00510662049055
2017-12-19,1465.0,1326.0,1021.0,2068.0,1201.0,497.107208,202.287109,1381.506592,258.600006,7045.0,4238.0,311.799988,1287.25354,3524.350342,309.0,671.556702,237.600006,3072.842529,6667.0,8735.0,67.150002,-0.0105246268213,-0.0275212414563,-0.00195694598369,0.0111841429025,0.00584547547624,-0.00373469945043,-0.00146812631283,0.0279287938029,0.00542845483869,-0.00636716838926,0.00188946921844,-0.0117967613041,0.00459068687633,-0.00751732941717,0.0130295557901,0.00294988951646,0.00337269739248,0.013775633648,-0.0068759736605,0.0167391505092,0.00597464805469
2017-12-20,1490.0,1345.0,1017.0,2060.0,1191.0,497.988281,201.643204,1391.262939,257.899994,7125.0,4293.0,313.200012,1287.25354,3587.690918,310.5,667.600586,236.600006,3065.998779,6584.0,8780.0,66.57,0.0169208422303,0.0142271500081,-0.00392544828355,-0.00387596245855,-0.0083612697199,0.00177083490416,-0.00318820332177,0.00703725777566,-0.00271061528474,0.011291529052,0.0128943482414,0.00448008673266,0.0,0.0178126394749,0.00484257703647,-0.00590838585049,-0.00421762512997,-0.00222967099398,-0.0125275263563,0.00513840513304,-0.00867494661361
2017-12-21,1507.0,1357.0,1017.0,2058.0,1201.0,508.560852,202.633835,1392.238647,264.299988,7105.0,4415.0,310.899994,1297.079834,3648.614014,312.5,667.600586,237.0,3077.730957,6720.0,8760.0,67.309998,0.0113448053598,0.00888241548091,0.0,-0.000971371715423,0.00836121570319,0.0210083499551,0.00490070600063,0.000701062439475,0.024512887001,-0.00281096831895,0.0280219931155,-0.00737068708986,0.00760457850993,0.0168385580182,0.00642057927325,0.0,0.00168919865973,0.00381919648498,0.0204456653446,-0.00228050909936,0.0110546993092
2017-12-22,1501.0,1350.0,1015.0,2065.0,1202.0,506.309296,200.256317,1409.800171,260.100006,7135.0,4579.0,309.799988,1279.392456,3622.987793,313.5,666.611511,238.0,3059.155029,6833.0,8740.0,67.209999,-0.00398935843259,-0.00517177488655,-0.00196853186935,0.00339562701993,0.000832330377307,-0.00443714344874,-0.0118024302647,0.0125350002199,-0.0160185713321,0.00421350356191,0.0364727973938,-0.00354440580122,-0.0137301189825,-0.00704835448414,0.00319494493306,-0.00148263166193,0.00421053590253,-0.00605385378003,0.0166756100953,-0.00228570657782,-0.00148675043602
2017-12-27,1524.0,1397.0,1000.0,2049.0,1210.0,507.77771,200.751633,1405.897583,262.0,7270.0,4535.0,314.5,1287.744873,3674.240479,316.200012,675.512878,240.800003,3055.244385,6800.0,8740.0,67.779999,0.0152069479227,0.0342225059867,-0.0148886032403,-0.00777835957706,0.00663352338597,0.00289604510181,0.00247030053288,-0.00277199735865,0.00727835530415,0.018744006753,-0.00965556874871,0.0150572387502,0.00650716014206,0.0140474373475,0.00857563782483,0.0132647426799,0.0116960983723,-0.00127915863413,-0.00484122568741,0.0,0.00844514556229
2017-12-28,1537.5,1390.0,1003.0,2058.0,1216.0,507.679779,201.494598,1405.897583,260.5,7260.0,4543.0,313.299988,1287.25354,3730.811768,316.299988,677.985474,241.899994,3063.554688,6816.0,8810.0,67.57,0.00881931837648,-0.00502331973985,0.00299552991055,0.0043827672489,0.00494637619704,-0.000192899227841,0.00369413988665,0.0,-0.00574165675789,-0.00137644319329,0.00176250492223,-0.00382288917899,-0.000381602119887,0.0152793871239,0.000316093064612,0.00365363853052,0.00455769803375,0.0027163058985,0.00235018902458,0.00797729194164,-0.00310305901803
2017-12-29,1549.5,1429.0,1012.0,2072.0,1226.0,511.693481,201.197418,1428.33728,267.0,7410.0,4525.0,318.0,1299.536499,3812.04248,314.799988,683.919678,241.399994,3095.329102,6919.0,8825.0,68.059998,0.0077745700255,0.0276711732149,0.00893310271204,0.00677964417264,0.00819002278149,0.00787487160414,-0.00147594604641,0.0158351305872,0.0246458351612,0.0204505696893,-0.00397002929822,0.014890242368,0.00949675124139,0.0215393342078,-0.00475360499695,0.00871462095529,-0.00206910888664,0.0103183863685,0.0149984061718,0.0017012184253,0.00722557213157
2018-01-02,1595.0,1435.0,1016.0,2044.0,1237.0,506.602966,201.296478,1464.436035,262.799988,7446.0,4500.0,307.5,1298.848633,3857.009521,316.100006,676.699707,241.199997,3085.552246,6800.0,8900.0,67.699997,0.0289414729923,0.00418999930844,0.00394483143464,-0.0136056439951,0.00893227569759,-0.00999818835407,0.000492213235702,0.0249592345208,-0.0158554166555,0.00484649231657,-0.00554019212723,-0.0335763171315,-0.000529429351445,0.0117269670591,0.00412114476785,-0.0106128752232,-0.000828847987577,-0.00316356820986,-0.0173486601561,0.00846264045686,-0.00530347414315
2018-01-03,1582.199951,1400.0,1014.0,2047.0,1237.0,513.161926,201.791794,1494.192993,265.299988,7294.0,4800.0,305.899994,1319.876953,3855.075439,320.5,678.47998,243.5,3072.35376,6749.0,8770.0,67.470001,-0.00805748440325,-0.0246925894171,-0.00197044294327,0.00146662874613,0.0,0.0128638679162,0.00245757657103,0.0201160106808,0.0094679389149,-0.0206248760223,0.0645385757089,-0.00521683087572,0.0160602740943,-0.000501579663251,0.0138236042112,0.00262737530284,0.00949049275368,-0.00428670225665,-0.0075282594189,-0.0147144421935,-0.00340306991711
2018-01-04,1605.0,1400.5,1007.0,2051.0,1244.0,518.839783,202.584305,1473.216797,273.899994,7242.0,4748.0,307.0,1316.339478,3855.075439,308.799988,665.200012,242.100006,3059.643799,6693.0,8760.0,68.059998,0.0143075343221,0.000357087265002,-0.00692728860304,0.00195217190776,0.00564291374758,0.0110036469996,0.00391965825111,-0.0141379749402,0.0319017879665,-0.00715466635302,-0.0108924303204,0.00358949834481,-0.00268378062174,0.0,-0.0371885187924,-0.0197671819478,-0.00576605601236,-0.00414544064552,-0.00833211932331,-0.00114088738337,0.00870658457279
2018-01-05,1603.400024,1394.5,1009.5,2063.0,1251.0,518.448181,197.314133,1474.680176,275.200012,7268.0,4854.0,310.899994,1337.36792,3828.965576,313.700012,674.799988,241.0,3099.239746,6841.0,8870.0,68.07,-0.000997384893708,-0.0042934063822,0.00247957604006,0.00583374267444,0.0056112636812,-0.000755058601499,-0.0263590533286,0.000992877990939,0.0047350898385,0.00358379678801,0.0220796000212,0.0126235252246,0.0158486235887,-0.006795915775,0.0157433692366,0.0143285691738,-0.00455395597965,0.0128583367914,0.0218716692179,0.0124788442627,0.000146974256495
2018-01-08,1627.0,1407.5,1014.5,2049.0,1244.0,516.294556,198.225525,1487.363525,286.299988,7216.0,4932.0,310.799988,1329.899902,3904.394287,310.799988,680.599976,241.0,3094.351318,6800.0,8795.0,68.059998,0.0146113839,0.0092791011557,0.00494068209082,-0.00680935848504,-0.00561121851206,-0.00416261842474,0.00460836756974,0.00856393668801,0.0395420305431,-0.00718036061153,0.0159414317459,-0.000321738014463,-0.00559977022931,0.0195079315454,-0.00928755756468,0.00855838134885,0.0,-0.00157856300939,-0.00601127883419,-0.00849140528589,-0.000146936246892
2018-01-09,1677.0,1406.0,1018.0,2023.0,1255.5,516.881897,199.909607,1470.77771,285.5,7196.0,5020.0,310.0,1323.414551,3959.031494,318.299988,685.599976,248.399994,3102.172852,6848.0,8800.0,68.400002,0.0302686858922,-0.00106629938819,0.00344397942536,-0.0127703081816,0.00920185539871,0.00113696767949,0.00845992099494,-0.0112137747929,-0.00279811723158,-0.0027754639741,0.0176853388548,-0.00257728528231,-0.00488848332316,0.0138967316598,0.0238447394222,0.00731965666637,0.0302433576435,0.00252452446148,0.00703406194225,0.000568347575609,0.00498326634988
2018-01-10,1700.400024,1417.5,1018.5,2005.0,1257.5,519.329224,199.315216,1442.971924,282.399994,7260.0,5040.0,309.899994,1307.888916,3954.196289,324.0,674.599976,253.899994,3063.554688,6786.0,8475.0,68.980003,0.0138569939882,0.00814591906965,0.000491021724883,-0.0089374827221,0.00159172632266,0.00472358101979,-0.00297774723731,-0.0190865155309,-0.0109175583348,0.00885452982038,0.00397617835552,-0.000322632375173,-0.0118008628488,-0.00122204551008,0.0177491661161,-0.016174422577,0.0219001267105,-0.0125268623233,-0.00909500103444,-0.0376310609281,0.00844384543598
2018-01-11,1761.0,1420.0,1009.5,2050.0,1239.5,521.776611,194.263,1499.071167,283.899994,7274.0,4963.0,310.700012,1307.49585,4028.174316,301.200012,666.400024,248.600006,3105.594727,6800.0,8405.0,69.830002,0.0350183285773,0.00176214799285,-0.00887578167021,0.022195732221,-0.0144175505266,0.00470151240006,-0.0256746802479,0.0381409041584,0.00529755139723,0.00192647264339,-0.0153957111761,0.00257826969028,-0.000300571788102,0.0185358505696,-0.0729689598083,-0.0122297741473,-0.021095270291,0.0136293554679,0.00206091091968,-0.00829389411956,0.0122471228242
2018-01-12,1768.199951,1436.5,1010.0,2041.0,1242.5,523.538696,192.677979,1492.241699,286.899994,7302.0,4990.0,311.0,1329.506836,4032.525879,309.200012,673.0,252.699997,3089.463135,6802.0,8460.0,70.5,0.00408018566668,0.0115526970476,0.000495191954542,-0.00439990498126,0.0024173820857,0.00337139051408,-0.00819262862206,-0.00456623081118,0.0105116274208,0.00384187838063,0.00542549043894,0.000965010258369,0.0166943669319,0.00107969145756,0.0262138210237,0.00985518563539,0.0163578446954,-0.00520790368319,0.00029404606903,0.00652243802324,0.00954894255847
2018-01-15,1783.599976,1428.0,1007.0,2045.0,1243.0,521.48291,193.708237,1475.168091,290.0,7354.0,5004.0,308.799988,1329.506836,4034.943604,307.0,672.200012,250.899994,3076.264404,6770.0,8530.0,70.599998,0.00867172237486,-0.00593470735475,-0.00297469832003,0.0019578828942,0.000402369594667,-0.00393442390487,0.00533276889473,-0.0115075465292,0.0107471719384,0.00709608756006,0.00280166231096,-0.00709913764149,0.0,0.000599323888309,-0.00714061874896,-0.00118940253742,-0.0071486029774,-0.00428131455556,-0.00471557630226,0.00824015401304,0.00141746620648
2018-01-16,1755.199951,1378.5,1008.0,2048.0,1246.0,507.386108,197.532074,1491.753906,289.0,7192.0,5040.0,310.0,1331.472168,3913.097412,310.200012,681.200012,256.200012,3063.554688,6771.0,8460.0,70.489998,-0.0160509757698,-0.0352789014578,0.000992520712316,0.00146591453813,0.00241060345434,-0.0274042263627,0.0195479132235,0.0111806066707,-0.00345420674421,-0.0222750604153,0.00716852536425,0.00387857225724,0.00147710368037,-0.0306630842388,0.0103695904836,0.0133000332862,0.0209039859474,-0.00414011394605,0.000147689410369,-0.00824016518891,-0.00155928044114
2018-01-17,1755.0,1390.0,1005.0,2060.0,1252.5,505.428223,196.660324,1478.094971,288.0,7234.0,5002.0,310.0,1335.599121,3872.482178,307.399994,685.400024,256.799988,3003.91626,6800.0,8360.0,70.43,-0.00011391096632,0.00830778013915,-0.00298061664216,0.00584227545187,0.00520315766335,-0.00386620918289,-0.00442295428365,-0.0091984635219,-0.00346622895449,0.0058228392154,-0.00756825646386,0.0,0.00309476698749,-0.0104335555807,-0.009067453444,0.00614669406787,0.00233912863769,-0.0196590349078,0.0042738057673,-0.0118907317519,-0.000851516786497
2018-01-18,1760.800049,1375.0,1000.0,2027.0,1256.5,505.624023,197.433014,1476.143677,288.0,7076.0,4980.0,308.799988,1329.703369,3877.317139,306.200012,679.200012,257.700012,2950.143799,6793.0,8410.0,70.93,0.00329939019866,-0.0108500104398,-0.00498755741864,-0.0161491017789,0.00318852812052,0.000387355161365,0.0039213206619,-0.00132099585608,0.0,-0.0220833402127,-0.00440792739391,-0.00387853546999,-0.00442409189418,0.00124781928025,-0.00391126656905,-0.00908700097352,0.00349862570874,-0.0180629212409,-0.00102996209171,0.00596303492785,0.00707418983802
2018-01-19,1756.0,1403.5,1002.0,2028.0,1270.5,499.162994,198.62178,1545.901978,291.299988,7172.0,4898.0,316.100006,1334.420044,3884.086426,304.0,680.0,258.0,2948.67749,6913.0,8450.0,71.480003,-0.00272980052978,0.0205153897405,0.00199797702953,0.00049316638615,0.0110804000869,-0.0128606874496,0.00600308738649,0.0461744293571,0.0113931288943,0.0134757636115,-0.0166029110551,0.0233648214489,0.00354091520421,0.00174429791514,-0.00721079856157,0.00117709476035,0.00116340164095,-0.000497166707646,0.0175110492855,0.00474493717775,0.00772429723293
2018-01-22,1792.199951,1393.5,1003.0,1990.5,1251.5,504.938751,207.24028,1525.413452,288.5,7114.0,4895.0,306.700012,1331.668579,3867.16333,307.5,676.400024,257.0,2908.10376,6892.0,8275.0,71.959999,0.0204053688794,-0.00715052429587,0.000997522496618,-0.0186642482877,-0.01506769564,0.0115044992417,0.0424764342606,-0.01334206108,-0.00965851731598,-0.0081198560074,-0.000612684991211,-0.0301885362715,-0.00206403201446,-0.00436655944213,0.0114473421127,-0.00530814798549,-0.00388350198045,-0.0138555169106,-0.00304237403907,-0.0209275111556,0.00669261347502
2018-01-23,1723.0,1335.0,1026.0,1957.0,1244.5,504.840881,207.24028,1603.464722,289.0,7048.0,4900.0,303.700012,1340.708984,3811.075439,307.799988,682.400024,257.0,2914.45874,7013.0,8310.0,72.120003,-0.0393769033253,-0.0428872741759,0.0226722490042,-0.0169732011855,-0.00560900103301,-0.000193853091332,0.0,0.0499012134969,0.00173156464007,-0.00932076666504,0.00102098297793,-0.00982969254255,0.00676579074934,-0.0146098034456,0.000975133210886,0.00883137062192,0.0,0.00218284130096,0.0174042116851,0.00422074506059,0.00222102343105
2018-01-24,1736.800049,1384.5,1023.5,1941.0,1239.5,504.645081,206.546829,1638.099976,286.200012,7262.0,4912.0,295.700012,1323.611084,3789.317383,305.200012,678.799988,258.899994,2854.820313,6909.0,8170.0,72.0,0.00797741021961,0.036407738924,-0.00243961135857,-0.00820939522237,-0.00402574334294,-0.000387922656955,-0.0033517559059,0.0213702674955,-0.00973579566926,0.0299113634974,0.00244604167528,-0.0266949571669,-0.0128349065781,-0.00572553090751,-0.0084828697145,-0.00528951222077,0.00736580835655,-0.0206751972437,-0.0149406334385,-0.0169907212257,-0.00166530907154
2018-01-25,1733.199951,1370.5,1036.0,2009.0,1221.0,505.819824,208.329971,1610.781982,286.0,7198.0,5064.0,293.799988,1311.819458,3807.690918,310.299988,680.0,258.600006,2800.070313,6828.0,8030.0,71.25,-0.00207496248186,-0.0101634012535,0.0121390148997,0.0344337597489,-0.0150378644466,0.00232521351427,0.00859608408064,-0.0168172251433,-0.000699108757544,-0.00885208789259,0.0304754562676,-0.00644623208791,-0.00894860830158,0.00483700167388,0.0165722016245,0.0017663128674,-0.00115938612726,-0.0193643774837,-0.01179308258,-0.0172843765467,-0.0104713197798
2018-01-26,1734.599976,1368.5,1048.0,2059.0,1224.0,505.428223,208.032776,1647.856323,288.899994,7130.0,5218.0,297.0,1331.472168,3812.526123,312.5,686.400024,261.100006,2849.931885,6727.0,8080.0,71.260002,0.00080743606668,-0.00146036630031,0.0115164015442,0.0245833769441,0.00245400913991,-0.000774504558649,-0.0014275960857,0.0227554533631,0.0100887594745,-0.00949200429022,0.0299575254321,0.0108329067007,0.014870159328,0.00126901175827,0.00706495670602,0.00936779659241,0.00962096638978,0.0176505539566,-0.0149025181308,0.00620735343546,0.000140418676892
2018-01-29,1756.0,1363.0,1050.0,2062.0,1213.5,504.74295,205.704788,1637.124268,290.100006,7168.0,5152.0,296.399994,1325.576294,3891.822754,310.200012,679.400024,260.100006,2849.931885,6787.0,8115.0,71.550003,0.0122617250308,-0.0040271198377,0.00190660275985,0.00145591562614,-0.00861542578787,-0.00135674676858,-0.0112535580993,-0.00653406186029,0.00414512539282,0.00531545700505,-0.0127291968092,-0.00202228315175,-0.00443792156875,0.020585577935,-0.00738719990477,-0.010250473395,-0.00383730907924,0.0,0.00887969788164,0.00432235328481,0.00406130822375
2018-01-30,1716.400024,1345.0,1051.0,2060.0,1202.0,497.205109,199.860062,1618.587158,286.799988,7144.0,5126.0,293.899994,1317.71521,3826.548096,305.100006,671.799988,257.0,2832.82251,6880.0,8120.0,70.519997,-0.0228094067425,-0.0132941612974,0.000951909809373,-0.000970417109784,-0.00952191092074,-0.0150466384366,-0.0288246441633,-0.0113875679672,-0.0114406226203,-0.00335384928621,-0.00505938334391,-0.00847030617297,-0.00594795867801,-0.0169145166874,-0.0165777020156,-0.0112494593486,-0.0119901401922,-0.00602153269574,0.0136095983908,0.000616003060713,-0.0145002165809
2018-01-31,1708.599976,1344.0,1059.0,2060.0,1188.5,490.548309,198.067017,1619.562744,284.299988,7086.0,5092.0,297.0,1297.4729,3792.701904,301.299988,668.599976,252.5,2833.800293,6803.0,8175.0,69.510002,-0.00455479416996,-0.000743784883525,0.0075829285197,0.0,-0.0112948501483,-0.0134788881987,-0.00901199877262,0.000602540618274,-0.00875509530306,-0.00815182551742,-0.00665495963767,0.0104926358908,-0.0154808796942,-0.00888444110751,-0.0125331999734,-0.00477474555373,-0.0176648069173,0.000345051346812,-0.0112549448386,0.00675051659346,-0.014425653033
2018-02-01,1690.0,1349.0,1062.0,2066.0,1197.5,490.93988,195.491379,1626.880127,284.600006,7056.0,5054.0,297.0,1286.860474,3799.471191,301.200012,660.200012,254.199997,2828.423096,6719.0,8140.0,69.32,-0.0109457597136,0.00371338031255,0.00282888440415,0.002908407012,0.00754400389269,0.000797907006927,-0.0130891762674,0.00450797518715,0.00105468428228,-0.0042427056469,-0.00749066565186,0.0,-0.00821294076741,0.00178321066778,-0.000331874121912,-0.0126431146637,0.00671013863757,-0.00189931644127,-0.0124243833125,-0.00429053325206,-0.002737211762
2018-02-02,1648.0,1335.0,1062.0,2061.0,1188.5,479.143616,193.728043,1612.733276,280.799988,7044.0,5026.0,296.5,1288.039673,3772.877686,297.0,658.200012,249.100006,2794.204346,6714.0,8135.0,68.75,-0.0251661241055,-0.0104322899133,0.0,-0.00242306059226,-0.00754405371845,-0.0243213232607,-0.00906095746905,-0.00873375032097,-0.0134420972317,-0.00170214718673,-0.00555559573695,-0.00168489222415,0.000915942189749,-0.00702386396006,-0.0140424026176,-0.00303400401026,-0.0202669166028,-0.0121719716117,-0.000744441000279,-0.000614414573647,-0.00825675204396
2018-02-05,1653.599976,1313.0,1050.0,2060.0,1173.0,471.899414,192.103409,1601.513428,271.200012,6524.0,4921.0,288.5,1258.16748,3769.493164,293.0,648.200012,243.399994,2737.01001,6555.0,8085.0,68.110001,0.00339230033569,-0.0166166685522,-0.0113637549803,-0.000485299533466,-0.0131274648011,-0.0152345346287,-0.00842149648815,-0.00698136724532,-0.0347860530019,-0.0766884759068,-0.0211126804352,-0.0273521561176,-0.0234651546925,-0.000897452468053,-0.0135595435277,-0.0153095209971,-0.0231482684612,-0.0206812825054,-0.0239668022841,-0.00616521807387,-0.00935265328735
2018-02-06,1641.0,1285.0,1045.0,2025.0,1132.0,464.997894,187.28894,1602.976929,261.700012,6458.0,4830.0,281.899994,1221.220459,3718.240479,289.100006,631.0,237.199997,2668.57251,6452.0,7975.0,66.169998,-0.00764891691506,-0.0215558987111,-0.004773308523,-0.0171362943947,-0.035578597337,-0.0147329522297,-0.0253812409937,0.000913441122975,-0.0356577187777,-0.0101680373773,-0.0186652801931,-0.023142715916,-0.0298055224121,-0.0136899957433,-0.0133999306709,-0.0268934424967,-0.0258025024086,-0.0253223683685,-0.015837976709,-0.0136988172308,-0.028896914795
2018-02-07,1641.199951,1249.5,1049.0,2046.0,1165.0,474.787323,191.390152,1625.904419,266.100006,6214.0,4916.0,286.600006,1263.080688,3752.570068,288.600006,644.400024,242.199997,2698.391846,6540.0,8105.0,67.360001,0.000121824472444,-0.0280152428895,0.00382050289772,0.0103169698268,0.0287350807339,0.0208340547979,0.0216614790261,0.0142017640173,0.0166733823717,-0.0385148748755,0.0176486801356,0.0165351498872,0.0337029397488,0.0091903982684,-0.00173098570667,0.021013835445,0.0208602063358,0.0111123500392,0.0135470349342,0.0161694828421,0.0178242325783
2018-02-08,1594.0,1232.0,1048.0,2058.0,1128.0,470.969452,192.281738,1568.829468,259.100006,6068.0,4842.0,280.0,1281.161255,3633.141602,289.700012,632.200012,246.199997,2624.088135,6400.0,8025.0,67.599998,-0.0291810762137,-0.0141046056524,-0.000953771406785,0.00584796443582,-0.0322749577463,-0.0080737080425,0.00464764377102,-0.0357344374061,-0.0266581047326,-0.0237757321447,-0.0151673592627,-0.0232979133725,0.014213164337,-0.0323432311416,0.00380423339084,-0.0191138535738,0.0163803622127,-0.0279225036502,-0.0216391570866,-0.00991950556636,0.00355659495108
2018-02-09,1604.400024,1238.0,1047.0,2023.0,1105.0,460.1521,191.092957,1547.365356,253.899994,6018.0,4722.0,279.5,1268.583374,3663.603027,286.100006,633.400024,244.899994,2578.626221,6310.0,8150.0,66.550003,0.00650325138122,0.00485835550353,-0.000954666291364,-0.0171530917287,-0.0206008404493,-0.0232361741364,-0.0062016826123,-0.0137760462239,-0.0202736686915,-0.00827406067401,-0.0250954069197,-0.00178729183972,-0.00986605044454,0.00834939349443,-0.0125045310706,0.00189637031872,-0.00529424613342,-0.017476696521,-0.0141623383388,0.0154562965035,-0.0156543869525
2018-02-12,1642.400024,1265.5,1055.5,2034.0,1114.5,468.717865,191.509048,1573.707764,254.300003,6140.0,4768.0,284.0,1270.15564,3767.075439,286.899994,635.599976,246.0,2602.090576,6402.0,8080.0,66.470001,0.0234087239951,0.0219701007009,0.0080856140703,0.00542276352644,0.00856050848961,0.0184439849108,0.00217510969378,0.0168807543814,0.00157423026394,0.0200697425753,0.00969451945275,0.0159719344229,0.00123865157366,0.0278518162668,0.00279227108695,0.00346726388671,0.0044816294685,0.00905845034868,0.0144747449085,-0.0086260670796,-0.00120282953139
2018-02-13,1670.400024,1271.0,1061.0,2006.0,1122.5,465.927887,191.192032,1592.732666,248.800003,6090.0,4782.0,282.0,1268.583374,3824.614014,288.0,637.799988,246.600006,2542.452148,6384.0,8115.0,66.480003,0.0169045496732,0.00433671521023,0.00519722839817,-0.0138616207987,0.00715242838487,-0.00597014417872,-0.00165671180002,0.0120167611167,-0.0218653362244,-0.00817664340138,0.00293194176629,-0.0070671425201,-0.00123863609042,0.0151585740969,0.00382679677568,0.00345538416877,0.00243605254218,-0.0231861490756,-0.00281557068229,0.00432235328481,0.000150430802023
2018-02-14,1693.400024,1329.5,1082.0,2031.0,1120.0,464.899994,193.86673,1611.269897,252.0,6386.0,4811.0,283.899994,1268.386963,3893.273193,290.799988,635.400024,244.800003,2565.42749,6323.0,8180.0,66.650002,0.0136752165854,0.0449988991022,0.0195993483067,0.0123855965212,-0.00222967099398,-0.00220858375542,0.0138926170766,0.0115714333951,0.0127797191963,0.0474599935114,0.0060461005196,0.00671499362215,-0.000154864857905,0.0177927315235,0.00967527646571,-0.00376999843866,-0.00732607441023,0.00899607408792,-0.00960110407323,0.00797800160944,0.00255389441736
2018-02-15,1726.0,1391.0,1089.0,2036.0,1117.0,469.75,196.640518,1605.903809,256.899994,6444.0,4826.0,288.600006,1277.82019,3989.49292,293.0,636.0,247.899994,2575.204346,6396.0,8250.0,67.080002,0.0190682671964,0.0452199615538,0.00644865073264,0.00245876586996,-0.00268216687255,0.0103783207014,0.0142063479871,-0.00333590782247,0.0192578379065,0.00904132146388,0.00311294943094,0.0164196472615,0.00740970950574,0.0244138911366,0.00753690535203,0.000943811261095,0.0125838546082,0.00380375841632,0.0114790443331,0.00852103158832,0.00643088435754
2018-02-16,1748.599976,1400.0,1101.0,2034.0,1125.0,473.399994,198.175995,1606.879517,258.700012,6306.0,4921.0,290.399994,1295.704224,3966.767822,298.799988,649.0,250.899994,2598.179688,6568.0,8295.0,67.730003,0.01300884597,0.00644936133176,0.0109589602798,-0.000982826924883,0.00713656796142,0.00774003006518,0.00777823710814,0.000607425230555,0.00698221288621,-0.0216479282826,0.0194937847555,0.00621754163876,0.013898730278,-0.00571252265945,0.019601803273,0.0202341228724,0.0120290108025,0.00888217892498,0.026536596939,0.00543971825391,0.00964328087866
2018-02-19,1727.400024,1361.0,1103.0,2000.0,1114.5,474.049988,199.117096,1608.830811,258.0,6140.0,4920.0,287.299988,1285.877808,3921.317139,297.5,644.400024,251.199997,2608.445313,6075.0,8315.0,67.949997,-0.0121980365366,-0.0282524935901,0.00181486329529,-0.0168571099639,-0.00937714055181,0.00137211079709,0.00473758112639,0.00121364824008,-0.00270953960717,-0.0266768373549,-0.000203212883207,-0.0107323396951,-0.00761276017874,-0.0115240076557,-0.00436021387577,-0.00711300456896,0.00119495496619,0.00394328776747,-0.078027382493,0.00240822508931,0.00324283191003
2018-02-20,1739.800049,1340.5,1106.0,2000.0,1133.5,475.0,199.166626,1634.685181,260.600006,6150.0,4992.0,292.200012,1301.993042,3858.943604,300.399994,647.599976,254.5,2615.778076,5928.0,8400.0,67.849998,0.00715278368443,-0.0151770422235,0.00271618692204,0.0,0.0169043149799,0.0020020219963,0.000248758849921,0.0159424878657,0.0100271552801,0.00162731250748,0.014528086409,0.0169115811586,0.0124545907602,-0.0160341374576,0.00970065873116,0.00495349336416,0.0130514409393,0.00280724954791,-0.0244950894266,0.0101705389097,-0.00147272262257
2018-02-21,1796.599976,1332.0,1100.0,1995.0,1142.5,472.200012,200.206787,1654.685791,262.799988,6174.0,4983.0,295.399994,1301.599976,3883.603027,298.600006,639.0,255.300003,2606.48999,5869.0,8500.0,69.720001,0.0321257673204,-0.00636111013591,-0.0054397447966,-0.00250312779099,0.00790869724005,-0.00591216282919,0.00520896865055,0.0121609196067,0.0084066092968,0.00389484059997,-0.00180448882747,0.0108917495236,-0.000301943102386,0.00636988319457,-0.00601001922041,-0.013368700631,0.00313849956729,-0.00355708692223,-0.0100026438013,0.0118344128132,0.0271878670901
2018-02-22,1800.0,1326.0,1098.0,1990.0,1143.5,473.899994,209.023407,1643.465942,260.299988,6130.0,4950.0,293.399994,1303.0,3890.372314,297.600006,637.799988,255.100006,2609.5,5869.0,8475.0,69.18,0.00189065909944,-0.00451467745006,-0.00181983492803,-0.00250940211117,0.000874851830304,0.00359365553595,0.043095484376,-0.00680371746421,-0.00955849792808,-0.00715220533311,-0.00664451904595,-0.00679351529106,0.00107504730113,0.00174156087451,-0.00335456687026,-0.00187972909771,-0.000783690833487,0.00115411414299,0.0,-0.00294552510604,-0.00777541613206
2018-02-23,1788.400024,1311.0,1104.5,2011.0,1122.5,476.100006,207.834656,1591.75708,260.899994,6014.0,4929.0,293.600006,1296.0,3869.581055,299.399994,650.400024,255.5,2614.5,5920.0,8435.0,68.650002,-0.00646530929953,-0.0113767161965,0.00590236065909,0.010497472249,-0.0185353923589,0.00463162502274,-0.00570341059938,-0.0319689288735,0.00230237841606,-0.0191046800464,-0.00425144471228,0.000681525620166,-0.00538670830429,-0.00535860331729,0.00603010412306,0.019562875852,0.00156673183665,0.00191421760246,0.00865222234279,-0.00473096733913,-0.00769066112116
2018-02-26,1843.599976,1332.0,1105.0,1975.0,1144.0,480.850006,206.546829,1623.953125,262.899994,6090.0,4930.0,292.0,1301.0,3930.020508,300.299988,650.200012,256.799988,2634.5,5980.0,8500.0,68.550003,0.0303987897933,0.0158913321793,0.000452535256045,-0.0180637110025,0.0189725905657,0.00992742367089,-0.00621565710753,0.0200248733163,0.00763652054593,0.0125579563901,0.000202873634407,-0.00546449609101,0.00385054736398,0.0154984351248,0.00300147244707,-0.000307547656121,0.00507507147267,0.00762054976076,0.0100841568783,0.00767650641501,-0.00145768024959
2018-02-27,1842.0,1273.0,1331.5,1969.5,1125.5,478.200012,210.014053,1638.099976,265.600006,5948.0,4912.0,292.100006,1303.800049,3914.064453,300.0,637.200012,257.700012,2606.0,5841.0,8585.0,69.029999,-0.000868220406119,-0.0453052558005,0.18646080792,-0.00278867338784,-0.016303518787,-0.00552628748119,0.0166472382843,0.00867361295968,0.0102177392691,-0.0235930606723,-0.00365782389417,0.000342429644661,0.00214989180677,-0.00406829407439,-0.000999473151751,-0.0201964229345,0.00349862570874,-0.0108769442886,-0.0235185474157,0.00995032116771,0.00697771413252
2018-02-28,1780.599976,1219.5,1348.0,1955.0,1154.5,475.149994,211.5,1638.099976,262.399994,5848.0,4856.0,289.600006,1307.199951,3796.570068,295.600006,628.0,259.0,2619.0,5776.0,8440.0,68.800003,-0.0339015796781,-0.0429353713989,0.0123158907518,-0.00738948164508,0.0254400130361,-0.00639854138717,0.00705051561818,0.0,-0.0121214129031,-0.0169553160667,-0.0114661259577,-0.00859552621841,0.0026043090038,-0.0304782893509,-0.0147752352059,-0.0145434569567,0.00503189815208,0.0049760309048,-0.0111906286329,-0.0170341916382,-0.00333740306087
2018-03-01,1741.599976,1189.5,1372.0,1936.0,1129.0,473.600006,211.25,1612.0,256.799988,5766.0,4756.0,263.100006,1304.400024,3780.5,291.100006,627.0,256.5,2603.5,5724.0,8270.0,68.32,-0.0221461653709,-0.0249079093337,0.0176475085318,-0.00976619124413,-0.0223350357264,-0.00326743489131,-0.00118271890096,-0.0160613935441,-0.0215725246817,-0.0141211086884,-0.0208081007004,-0.0959664732218,-0.00214424985461,-0.00424174778163,-0.0153403282166,-0.00159360724501,-0.00969938281924,-0.00593584682792,-0.00904351472855,-0.0203478168696,-0.00700123468414
2018-03-02,1687.599976,1197.5,1373.5,1950.0,1108.5,464.100006,205.300003,1577.0,254.300003,5940.0,4680.0,272.5,1290.0,3638.5,286.700012,627.599976,253.0,2584.0,5690.0,8295.0,67.0,-0.0314968377352,0.00670303404331,0.00109267118387,0.00720533402637,-0.0183245334774,-0.0202630236745,-0.0285698994994,-0.0219513624907,-0.00978286378086,0.0297305136919,-0.0161088798195,0.0351044237614,-0.0111009432003,-0.0382847748697,-0.0152304796502,0.000956435455009,-0.0137391835451,-0.00751810986549,-0.00595761230215,0.00301846815273,-0.0195099320263
2018-03-05,1693.199951,1207.5,1355.0,1963.0,1121.5,470.149994,207.199997,1597.5,256.5,5946.0,4732.0,261.0,1308.800049,3695.0,288.200012,635.0,252.899994,2580.5,5665.0,8260.0,67.0,0.00331281637773,0.00831605587155,-0.0135607523844,0.00664453627542,0.0116593362764,0.012951775454,0.009212131612,0.01291564852,0.00861393101513,0.00100955052767,0.0110498648137,-0.0431181900203,0.0144685180858,0.0154089909047,0.00521833728999,0.0117220189422,-0.000395376147935,-0.00135543372016,-0.00440337741747,-0.00422833953053,0.0
2018-03-06,1760.199951,1229.5,1342.5,1982.5,1129.0,473.149994,211.350006,1552.5,261.399994,6070.0,4799.0,258.700012,1316.599976,3748.0,286.600006,629.400024,244.699997,2576.0,5661.0,8220.0,66.559998,0.0388072542846,0.0180554855615,-0.00926788523793,0.00988481286913,0.00666525959969,0.00636064400896,0.0198310073465,-0.0285733956844,0.0189231112599,0.0206398777664,0.0140596618876,-0.00885124597698,0.00594194186851,0.0142418406904,-0.00556716369465,-0.00885798130184,-0.032961152494,-0.00174537533894,-0.000706325983629,-0.00485440250486,-0.0065888389945
2018-03-07,1759.0,1208.5,1344.0,1995.0,1140.5,471.600006,210.949997,1572.5,264.0,5980.0,4840.0,262.799988,1321.0,3740.5,288.0,634.200012,243.899994,2583.0,5624.0,7940.0,67.25,-0.000681930803694,-0.0172276757658,0.00111672491767,0.00628542294726,0.0101344296709,-0.0032812487334,-0.00189441954717,0.0128001980484,0.00989732518792,-0.0149380322546,0.00850720237941,0.0157241243869,0.00333634135313,-0.00200305180624,0.00487294699997,0.0075973616913,-0.00327467056923,0.00271369027905,-0.00655740033835,-0.0346569530666,0.0103133125231
2018-03-08,1707.199951,1209.0,1340.0,2020.0,1155.0,475.0,212.300003,1578.0,258.299988,5978.0,4721.0,264.299988,1346.800049,3693.0,278.600006,642.599976,241.800003,2595.5,5752.0,8000.0,67.5,-0.029890883714,0.000413689849665,-0.00298061664216,0.0124534135684,0.012633530423,0.00718367472291,0.00637924065813,0.00349149806425,-0.0218274425715,-0.000334497599397,-0.0248940996826,0.00569151341915,0.0193423777819,-0.012780148536,-0.0331833772361,0.0131580382586,-0.0086473505944,0.00482762930915,0.0225044228137,0.00752826826647,0.00371052999981
2018-03-09,1752.199951,1238.5,1338.0,2040.0,1153.0,478.200012,210.75,1563.0,262.200012,6034.0,4772.0,272.399994,1336.0,3726.5,277.700012,637.599976,243.0,2592.0,5810.0,7885.0,67.290001,0.026017550379,0.024107420817,-0.00149367493577,0.00985235255212,-0.00173307547811,0.00671428302303,-0.00732781551778,-0.00955115631223,0.0149859581143,0.00932409986854,0.0107448128983,0.0301867984235,-0.00805135536939,0.00903033465147,-0.00323562184349,-0.00781133864075,0.00495052803308,-0.00134940550197,0.010032937862,-0.0144792925566,-0.00311597366817
2018-03-12,1738.800049,1229.0,1326.5,2045.0,1150.0,477.950012,211.5,1607.5,260.600006,5986.0,4820.0,275.600006,1338.0,3713.5,279.5,642.599976,245.100006,2553.0,5697.0,7840.0,67.5,-0.00767684634775,-0.00770015176386,-0.00863207969815,0.0024479443673,-0.00260531250387,-0.00052292906912,0.00355243752711,0.028073111549,-0.00612095883116,-0.0079867048189,0.0100083900616,0.0116790132597,0.00149591080844,-0.00349463988096,0.0064608505927,0.00781135633588,0.00860483013093,-0.0151606425643,-0.0196408592165,-0.00572337303311,0.00311592034996
2018-03-13,1731.599976,1227.5,1319.0,2063.0,1113.0,474.0,209.699997,1629.5,254.0,6044.0,4804.0,273.600006,1316.400024,3715.5,278.899994,636.799988,241.600006,2494.0,5665.0,7680.0,66.940002,-0.00414945092052,-0.00122126971837,-0.00567002175376,0.00876342598349,-0.0327028892934,-0.0082988217473,-0.0085470713675,0.0135930171236,-0.0256524197757,0.00964269042015,-0.00332502368838,-0.00728332484141,-0.0162752270699,0.000538442574907,-0.00214902847074,-0.00906679127365,-0.0143828410655,-0.0233813170344,-0.00563279725611,-0.020619276911,-0.0083308564499
2018-03-16,1769.400024,1203.5,1309.5,2045.0,1141.5,473.75,209.5,1658.5,251.199997,5964.0,4759.0,276.5,1323.400024,3735.0,275.899994,632.0,236.100006,2454.5,5675.0,7635.0,67.5,0.0215947516263,-0.0197455994785,-0.00722850952297,-0.00876345299184,0.0252841580659,-0.000527580676135,-0.000954188988544,0.017640363425,-0.0110848508775,-0.0133246649057,-0.00941131543368,0.0105435950682,0.00530348066241,0.00523458374664,-0.0108148222789,-0.00756621453911,-0.0230280421674,-0.0159647893161,0.00176369491965,-0.00587660865858,0.00833083316684
